user_id,name,email,signup_date,domain
1,Darrell Franco,xmoore@mailbox.org,2024-02-25,mailbox.org
2,Misty James,rodriguezjeffrey@outlook.com,2023-05-07,outlook.com
3,Bethany Lane,theresamcgrath@gmail.com,2020-09-05,gmail.com
4,Kevin Hancock,williamrandolph@yahoo.com,2023-02-03,yahoo.com
5,Alexander Bowers,kevinclark@outlook.com,2023-03-27,outlook.com
6,Andrew Burns,samanthascott@gmail.com,2022-05-26,gmail.com
7,Heather Young,ian03@gmail.com,2022-02-05,gmail.com
8,David Rasmussen,veronica18@mailbox.org,2021-12-11,mailbox.org
9,April Reed,bradleystewart@yahoo.com,2020-07-08,yahoo.com
10,Allen French,amberbowers@outlook.com,2024-02-13,outlook.com
11,Jennifer Moss,agriffin@yahoo.com,2021-07-13,yahoo.com
12,James Taylor,martineztara@hotmail.com,2024-10-04,hotmail.com
13,Carolyn Kennedy,ethomas@outlook.com,2022-02-08,outlook.com
14,Rachel Carter,barbaravillegas@yahoo.com,2021-10-04,yahoo.com
15,Robert Collins,terrellmatthew@gmail.com,2021-06-11,gmail.com
16,Joseph Evans,richard43@ukr.net,2020-02-26,ukr.net
17,Emily Wood,eduarte@outlook.com,2024-06-24,outlook.com
18,Kristi Lee,woodashley@outlook.com,2022-05-31,outlook.com
19,Kimberly Parker,mariah77@hotmail.com,2020-07-01,hotmail.com
20,Justin Banks,collinstiffany@example.com,2023-03-18,example.com
21,Jared Williams,alexandria92@mailbox.org,2020-10-10,mailbox.org
22,Phillip Morgan,joyce08@hotmail.com,2022-03-14,hotmail.com
23,Joshua Evans,joseph82@ukr.net,2022-08-19,ukr.net
24,James Garcia,chavezpeter@hotmail.com,2022-02-15,hotmail.com
25,Michael Glover,christophermartinez@mailbox.org,2024-07-13,mailbox.org
26,John Jones,harriscody@example.com,2020-12-15,example.com
27,Leah Wilson,mark89@mailbox.org,2021-07-22,mailbox.org
28,Courtney Perez,vmiller@ukr.net,2020-05-24,ukr.net
29,Rachel Simmons,tsmith@example.com,2023-06-16,example.com
30,Mary Smith,brent52@example.com,2020-10-27,example.com
31,Matthew Baker,donnasantiago@gmail.com,2020-04-24,gmail.com
32,John Tran,malonenancy@mailbox.org,2024-03-14,mailbox.org
33,Megan Butler,jorgelawrence@outlook.com,2021-06-17,outlook.com
34,Kara Lozano,jasonsmith@example.com,2022-07-19,example.com
35,Mark Powell,robertprice@outlook.com,2023-05-29,outlook.com
36,Christine Davis,dday@ukr.net,2023-04-01,ukr.net
37,Amanda Cox,danieldean@ukr.net,2023-10-19,ukr.net
38,Todd Sullivan,jacob35@yahoo.com,2020-06-11,yahoo.com
39,Terry Berry,sarah54@ukr.net,2023-10-15,ukr.net
40,Warren Mclaughlin,santostina@mailbox.org,2022-10-20,mailbox.org
41,Jill Stout,christopher51@outlook.com,2021-06-21,outlook.com
42,Diane Farley,xprice@yahoo.com,2021-05-28,yahoo.com
43,Charles Bean,michaelcontreras@ukr.net,2024-07-22,ukr.net
44,Scott Mckenzie,jamie10@mailbox.org,2022-10-21,mailbox.org
45,Lauren Caldwell,mike94@example.com,2021-05-17,example.com
46,David Yoder DVM,martinjessica@gmail.com,2020-11-26,gmail.com
47,Dawn Morgan,tracey35@hotmail.com,2021-05-26,hotmail.com
48,Christina Henry,ekim@gmail.com,2024-08-13,gmail.com
49,Lindsay Beard,uchavez@ukr.net,2024-07-02,ukr.net
50,Amanda Richardson,laura82@hotmail.com,2022-03-20,hotmail.com
51,Lori Tran,tuckerkevin@outlook.com,2020-06-20,outlook.com
52,Shannon Johnson,jacksonmichael@ukr.net,2021-07-07,ukr.net
53,David Galvan,wmeyer@outlook.com,2024-05-21,outlook.com
54,Deborah Little,john85@example.com,2021-09-26,example.com
55,Amanda Smith,madisonsparks@outlook.com,2022-07-02,outlook.com
56,Nicholas Torres,david57@yahoo.com,2022-09-14,yahoo.com
57,Mark Lutz,whitejeanne@hotmail.com,2023-04-22,hotmail.com
58,Shannon Jimenez,pierceelizabeth@yahoo.com,2022-05-30,yahoo.com
59,Sarah Stephens,donna16@yahoo.com,2021-11-24,yahoo.com
60,Lori Chen,tthomas@hotmail.com,2022-03-12,hotmail.com
61,Nicole Walker,foxdeborah@hotmail.com,2023-06-28,hotmail.com
62,Tamara Martinez,raywendy@ukr.net,2021-03-17,ukr.net
63,Angel Gonzales,davisjeremy@example.com,2020-02-29,example.com
64,Stephanie Little,goodwinann@mailbox.org,2020-08-28,mailbox.org
65,Megan Kelly,murphyjason@hotmail.com,2024-07-06,hotmail.com
66,Crystal Baker,whitelisa@gmail.com,2024-01-29,gmail.com
67,Leah Reynolds,jessica17@gmail.com,2020-12-23,gmail.com
68,Patrick Welch,katelyn38@ukr.net,2021-10-11,ukr.net
69,Jennifer Moody,hailey58@outlook.com,2024-02-18,outlook.com
70,David Hart,perrymartin@gmail.com,2022-09-28,gmail.com
71,Timothy Jones,nschaefer@gmail.com,2023-03-02,gmail.com
72,Andrew Lewis,ericsantiago@hotmail.com,2023-02-05,hotmail.com
73,Joshua White,sarawong@ukr.net,2024-07-16,ukr.net
74,David Lawrence,vmartin@example.com,2024-08-04,example.com
75,Sarah Pierce,mckaywilliam@hotmail.com,2020-04-16,hotmail.com
76,John Peterson,rosalesandrew@yahoo.com,2024-10-24,yahoo.com
77,Julie Turner,mario91@example.com,2020-08-06,example.com
78,Daniel Montgomery,campbellpaul@gmail.com,2022-03-21,gmail.com
79,Anna Fritz,grayolivia@hotmail.com,2021-05-13,hotmail.com
80,Timothy Stewart,christianmoore@yahoo.com,2021-09-28,yahoo.com
81,Kevin Perez,whitewilliam@mailbox.org,2023-07-16,mailbox.org
82,David Medina,ashleybailey@gmail.com,2021-03-13,gmail.com
83,Susan Jackson,joseph63@hotmail.com,2021-03-27,hotmail.com
84,Miguel Kennedy,chavezrhonda@yahoo.com,2024-05-03,yahoo.com
85,James Olson,davidfields@outlook.com,2021-01-06,outlook.com
86,Alexandria Griffith,sherri14@example.com,2023-07-02,example.com
87,Dr. Robert Gardner Jr.,susan92@ukr.net,2024-03-22,ukr.net
88,Brent Garcia,amberreid@gmail.com,2023-01-02,gmail.com
89,Pamela Sherman,andrea08@hotmail.com,2020-04-04,hotmail.com
90,Ashley Hanna,bill32@yahoo.com,2022-12-20,yahoo.com
91,Brian Estrada,davistracy@yahoo.com,2022-07-28,yahoo.com
92,Diana Davis,shutchinson@yahoo.com,2024-10-15,yahoo.com
93,Jason Mcgrath,christy18@yahoo.com,2021-02-21,yahoo.com
94,Brian Burgess,pamelamckinney@outlook.com,2022-06-14,outlook.com
95,Ian Pruitt,larry88@mailbox.org,2021-08-11,mailbox.org
96,Alicia Walker,stephanie01@ukr.net,2021-02-26,ukr.net
97,Michael Weber DDS,robert64@mailbox.org,2021-07-18,mailbox.org
98,Michael Larsen,kristenschneider@hotmail.com,2023-09-15,hotmail.com
99,Christopher Johnson,kevin82@hotmail.com,2024-02-12,hotmail.com
100,Mark Snyder,eking@hotmail.com,2021-01-13,hotmail.com
101,Henry Graham,thomascharles@hotmail.com,2021-08-11,hotmail.com
102,Natalie Hayden,srhodes@gmail.com,2021-11-10,gmail.com
103,Jermaine Campbell,reedapril@yahoo.com,2024-02-15,yahoo.com
104,Thomas Nelson,erin85@gmail.com,2020-04-22,gmail.com
105,Rebecca Young,shelia48@yahoo.com,2023-04-16,yahoo.com
106,Kevin Campbell,thomaslopez@mailbox.org,2023-03-23,mailbox.org
107,Crystal Hayes,ycollins@outlook.com,2024-10-06,outlook.com
108,Emily Powell,krameraaron@mailbox.org,2024-03-06,mailbox.org
109,Randy Pineda,jasoncompton@example.com,2021-08-31,example.com
110,Shannon Davenport,garciapeggy@gmail.com,2022-02-28,gmail.com
111,Pamela Waters,andreaschmidt@outlook.com,2022-01-26,outlook.com
112,Karen Hampton,christopher89@ukr.net,2021-01-02,ukr.net
113,Lisa Knight,margaretphillips@gmail.com,2024-01-04,gmail.com
114,Johnny Owens,reidrichard@gmail.com,2024-06-20,gmail.com
115,Thomas Gallagher,kylewilliams@example.com,2021-05-26,example.com
116,Joe Luna,gmurray@hotmail.com,2020-03-09,hotmail.com
117,John Wiggins,jamie39@ukr.net,2023-11-28,ukr.net
118,Sarah Brown,richardsmith@ukr.net,2022-10-30,ukr.net
119,Thomas Johnson,villarrealandrew@example.com,2024-10-17,example.com
120,Ariana Gonzales,brandy51@mailbox.org,2024-03-01,mailbox.org
121,Gerald Ross,evansricky@mailbox.org,2022-10-19,mailbox.org
122,Janet Escobar,michael94@outlook.com,2020-06-29,outlook.com
123,John Barrett,tammylevy@hotmail.com,2023-07-30,hotmail.com
124,Vanessa Rodriguez,kevinhall@example.com,2020-12-21,example.com
125,Anne Waters,sean58@gmail.com,2021-02-06,gmail.com
126,Joel Terrell,wellsgregory@outlook.com,2024-02-04,outlook.com
127,Michele Davenport,zlewis@example.com,2020-02-12,example.com
128,Ryan Gill,charlestanner@mailbox.org,2020-06-14,mailbox.org
129,Amanda Newman,ginamcdowell@gmail.com,2024-04-15,gmail.com
130,Mitchell Franco,jessica96@example.com,2022-07-06,example.com
131,Jennifer Coleman,scameron@example.com,2024-02-02,example.com
132,Jennifer May,courtneyburton@ukr.net,2023-03-04,ukr.net
133,Christopher Torres,gooddana@gmail.com,2023-02-16,gmail.com
134,Patrick Nguyen,zcollins@hotmail.com,2021-03-18,hotmail.com
135,Michael Garcia,villadeanna@ukr.net,2021-02-05,ukr.net
136,April Gonzalez,jason57@ukr.net,2024-10-20,ukr.net
137,Adrian Clark,kathryn91@ukr.net,2020-06-20,ukr.net
138,Robert Mcknight,lindapearson@yahoo.com,2024-06-28,yahoo.com
139,Barbara Smith,ewalsh@yahoo.com,2021-02-10,yahoo.com
140,William Burton,jorgewiggins@ukr.net,2023-03-07,ukr.net
141,Shannon Campbell,jason27@yahoo.com,2021-11-01,yahoo.com
142,Kimberly Clark,gbeard@example.com,2022-12-22,example.com
143,Joshua Carroll,brianna37@gmail.com,2023-06-07,gmail.com
144,Rebecca Ross,ifuller@mailbox.org,2023-01-09,mailbox.org
145,Tiffany Stephens,francismaria@ukr.net,2022-07-26,ukr.net
146,Kelsey Lawrence,bthompson@ukr.net,2021-07-12,ukr.net
147,John Logan,leondaniel@outlook.com,2020-11-25,outlook.com
148,Kimberly Padilla,milessusan@example.com,2022-04-08,example.com
149,Hector Martin,catherinesantiago@ukr.net,2020-02-29,ukr.net
150,Scott Woods,ralph07@mailbox.org,2022-10-20,mailbox.org
151,Eric Patrick,dwayne06@gmail.com,2020-08-14,gmail.com
152,Teresa Castillo,wmendez@outlook.com,2022-07-12,outlook.com
153,Jeffrey Novak,leekathleen@hotmail.com,2024-01-21,hotmail.com
154,Luke Cunningham,brian04@hotmail.com,2024-04-23,hotmail.com
155,Mary Miranda,stewartjames@example.com,2021-06-22,example.com
156,Daniel Perez,kim37@outlook.com,2021-03-19,outlook.com
157,Brandon Garcia,jennifer69@example.com,2021-10-08,example.com
158,Sandra Smith,wattsjoseph@gmail.com,2021-10-31,gmail.com
159,Todd Anderson,qperkins@hotmail.com,2022-05-17,hotmail.com
160,William Blair,callen@ukr.net,2022-08-22,ukr.net
161,Tammy Proctor,doyletracy@hotmail.com,2023-08-07,hotmail.com
162,Anthony Bailey,wilsoncynthia@example.com,2021-04-27,example.com
163,Marcus Osborne,daniel61@outlook.com,2023-05-05,outlook.com
164,Scott Yoder,samuel26@gmail.com,2023-05-07,gmail.com
165,Kurt Thompson,rileymark@hotmail.com,2021-05-01,hotmail.com
166,Kevin Cole,richardpatterson@gmail.com,2023-10-24,gmail.com
167,Miguel Ortiz,danielstewart@yahoo.com,2023-12-01,yahoo.com
168,Donna Williams,ryan03@outlook.com,2024-05-28,outlook.com
169,Mitchell Snyder,robbinsanne@outlook.com,2023-07-07,outlook.com
170,Mitchell Booth,kathleen86@gmail.com,2020-04-18,gmail.com
171,James Kline,simpsontracy@outlook.com,2023-03-16,outlook.com
172,Kerri Holloway,tammyfrench@yahoo.com,2022-02-11,yahoo.com
173,John Ortiz,nicholsonjustin@outlook.com,2024-09-21,outlook.com
174,Dr. Ana Reynolds,pattersonkevin@mailbox.org,2021-03-22,mailbox.org
175,Jenny Lopez,nicholaswatkins@ukr.net,2023-07-27,ukr.net
176,Nancy Walker,sharon48@yahoo.com,2024-08-03,yahoo.com
177,Krista Stewart,carrie72@ukr.net,2020-11-02,ukr.net
178,Michael Johnson,glennjennifer@ukr.net,2021-12-05,ukr.net
179,Stephen Massey,brenda40@yahoo.com,2020-04-12,yahoo.com
180,Angela Green,stephenmoore@mailbox.org,2020-08-28,mailbox.org
181,Michael Gilmore,michaelroach@mailbox.org,2021-02-05,mailbox.org
182,Isabel Reed,thomasthomas@hotmail.com,2023-01-18,hotmail.com
183,Heather Allen,lsmith@outlook.com,2021-10-03,outlook.com
184,Joshua Anderson,whitejoshua@yahoo.com,2020-02-16,yahoo.com
185,Timothy Cox,garciasteven@yahoo.com,2024-04-15,yahoo.com
186,Mariah Francis,sandersnathan@gmail.com,2024-09-28,gmail.com
187,Mrs. Rachel Lee MD,cortezheather@hotmail.com,2024-10-19,hotmail.com
188,Carolyn Rice,yreynolds@gmail.com,2022-10-17,gmail.com
189,Jeremy Riley,dalexander@example.com,2020-09-02,example.com
190,Mrs. Laurie Thomas,caitlinkline@hotmail.com,2023-06-25,hotmail.com
191,Michael Frost,moraleswalter@hotmail.com,2020-05-22,hotmail.com
192,Robert Gonzalez,williamselizabeth@outlook.com,2023-03-05,outlook.com
193,Jessica Miller,franciscoallen@gmail.com,2021-07-12,gmail.com
194,Thomas White,qadams@mailbox.org,2020-03-22,mailbox.org
195,Kristin Parker,tinabutler@ukr.net,2023-05-21,ukr.net
196,Patricia Brooks,hicksjesus@yahoo.com,2023-12-05,yahoo.com
197,Micheal Reilly,dianawalker@outlook.com,2023-10-21,outlook.com
198,Jennifer Boyd,flynnnicole@hotmail.com,2022-10-26,hotmail.com
199,Dennis Morgan,eric32@ukr.net,2020-07-31,ukr.net
200,Michael Hamilton,ugreen@yahoo.com,2021-08-26,yahoo.com
201,Robin Kelley,fmontes@gmail.com,2022-01-15,gmail.com
202,Brendan Johnson,fsmith@outlook.com,2022-08-20,outlook.com
203,Jennifer Singh,ggraves@gmail.com,2023-01-23,gmail.com
204,Christopher Smith,eddiegreene@mailbox.org,2021-04-09,mailbox.org
205,Andrea Gomez,rwolf@outlook.com,2021-08-26,outlook.com
206,Jeffrey Johnson,marilyn04@outlook.com,2020-05-23,outlook.com
207,Mark Ford,hansonvirginia@mailbox.org,2020-12-24,mailbox.org
208,Samantha Garcia DVM,laurencastillo@hotmail.com,2020-11-06,hotmail.com
209,Larry Ross,emcclure@hotmail.com,2021-04-25,hotmail.com
210,Jason Russell,eolson@example.com,2021-07-28,example.com
211,Lauren Stanley,crystal91@outlook.com,2021-05-22,outlook.com
212,Joanna Carter,morrismary@example.com,2023-08-07,example.com
213,Emily Allen,andersonjoshua@outlook.com,2023-12-28,outlook.com
214,Brian Haley,sandovalyesenia@outlook.com,2023-06-09,outlook.com
215,Nicolas Ruiz,whitekathy@ukr.net,2021-08-14,ukr.net
216,Barbara Anderson,thomasbryant@mailbox.org,2022-08-26,mailbox.org
217,Dennis Walker,lsmith@outlook.com,2023-04-11,outlook.com
218,Gregory Farley,kaylawagner@mailbox.org,2021-07-12,mailbox.org
219,Mrs. Ashley Hicks,daisy88@yahoo.com,2022-11-11,yahoo.com
220,Jennifer Oliver,ricekelsey@outlook.com,2020-08-15,outlook.com
221,James Maynard,marymarshall@ukr.net,2020-01-30,ukr.net
222,Kathleen Little,daniel01@yahoo.com,2024-03-27,yahoo.com
223,Phillip Hanson,prios@example.com,2022-12-09,example.com
224,Nicholas Hicks,jellis@example.com,2023-06-29,example.com
225,Colleen Ortega,cruzjason@mailbox.org,2022-05-22,mailbox.org
226,Megan Alexander,uduncan@ukr.net,2020-08-08,ukr.net
227,Mark Bryan,kreese@gmail.com,2021-10-22,gmail.com
228,Tonya Williams,edominguez@ukr.net,2022-12-03,ukr.net
229,Robin Reeves,shannon20@outlook.com,2022-11-05,outlook.com
230,Crystal Bryan,castrodestiny@mailbox.org,2024-07-16,mailbox.org
231,Carrie Krause,llucero@hotmail.com,2023-11-08,hotmail.com
232,Kevin Sullivan,kaylee37@yahoo.com,2021-03-27,yahoo.com
233,Patrick Morris,lisa86@example.com,2023-09-03,example.com
234,Curtis Mack,walterssamuel@mailbox.org,2022-03-02,mailbox.org
235,David Kim,baileytorres@example.com,2021-09-15,example.com
236,Corey Walker,laura92@ukr.net,2022-08-04,ukr.net
237,Duane Johnston,selena42@outlook.com,2020-09-14,outlook.com
238,James Mccullough,pjackson@mailbox.org,2020-09-30,mailbox.org
239,Gary Mclean,johnstonkimberly@outlook.com,2023-08-02,outlook.com
240,Joan Hammond,reginald40@ukr.net,2021-12-27,ukr.net
241,Eugene Perez,mwolfe@yahoo.com,2023-01-02,yahoo.com
242,Michael Newman,karengreene@example.com,2021-04-22,example.com
243,Charles Gay,newmanamy@hotmail.com,2023-05-30,hotmail.com
244,Joel Jones,robertsdavid@ukr.net,2024-06-11,ukr.net
245,Dalton Anderson,ijordan@outlook.com,2022-10-18,outlook.com
246,Amber Leon,carriemccarthy@outlook.com,2021-11-07,outlook.com
247,Courtney Kane,claudia01@hotmail.com,2021-07-31,hotmail.com
248,Robert King,mooremichelle@yahoo.com,2022-04-17,yahoo.com
249,Jordan Nicholson,philipmccann@example.com,2023-03-04,example.com
250,Aaron Orozco,james56@outlook.com,2024-04-14,outlook.com
251,Daniel Cruz,spencerjonathan@outlook.com,2020-02-28,outlook.com
252,Hannah Parks,kwise@ukr.net,2020-10-27,ukr.net
253,Maria Owen,powerskatherine@example.com,2023-07-16,example.com
254,John Harrison,xharris@ukr.net,2024-07-01,ukr.net
255,Alexis Alexander,victoriagardner@example.com,2024-09-19,example.com
256,Matthew Rodriguez,schneiderbreanna@example.com,2020-09-10,example.com
257,William Rodriguez,stewartmonica@hotmail.com,2022-02-17,hotmail.com
258,Sandra Hill,lblair@hotmail.com,2022-10-26,hotmail.com
259,Kathleen Johnson,jfrancis@gmail.com,2024-05-20,gmail.com
260,Julie Trevino DDS,susan58@ukr.net,2021-05-29,ukr.net
261,Caitlin Evans,randy04@ukr.net,2021-08-15,ukr.net
262,Joseph Hale,stephaniejohnson@example.com,2022-08-05,example.com
263,Chloe Bell,msmith@ukr.net,2024-01-08,ukr.net
264,Brian Cook,george63@mailbox.org,2023-12-30,mailbox.org
265,Ashley Johnson,pjones@yahoo.com,2021-10-20,yahoo.com
266,Nicole Vincent,willismichael@gmail.com,2023-07-06,gmail.com
267,Karen Rivera,kristy93@example.com,2021-01-22,example.com
268,Joel Huang,laurameadows@mailbox.org,2023-07-26,mailbox.org
269,Amanda Johnston,christopher15@hotmail.com,2022-04-02,hotmail.com
270,Jack Allen,jennifer42@gmail.com,2020-12-06,gmail.com
271,Catherine Hamilton,sdavidson@mailbox.org,2024-03-18,mailbox.org
272,Kristen Curry,iwhite@example.com,2020-10-22,example.com
273,Kaylee Kramer,pamela75@gmail.com,2024-05-06,gmail.com
274,Mr. Gregory Cook,robert30@mailbox.org,2023-06-19,mailbox.org
275,Jacqueline Griffith,jlawrence@mailbox.org,2020-01-24,mailbox.org
276,David Gould,tjones@outlook.com,2023-07-29,outlook.com
277,Lori Johnson,tthompson@ukr.net,2021-06-08,ukr.net
278,Christopher Sparks,sheltondeborah@mailbox.org,2024-01-01,mailbox.org
279,Julie Mills,enewman@example.com,2024-02-23,example.com
280,Mark Miller,vanessastephens@mailbox.org,2022-03-16,mailbox.org
281,Danielle Carter,lynchrick@hotmail.com,2021-06-07,hotmail.com
282,Nathaniel Anderson,wanda34@outlook.com,2023-06-14,outlook.com
283,Natalie Reeves,leevincent@mailbox.org,2021-12-03,mailbox.org
284,Mr. Bradley Johnson,michaeljackson@example.com,2022-11-28,example.com
285,Alexandra Poole,tmoreno@ukr.net,2020-10-04,ukr.net
286,Elizabeth Perez,jjenkins@mailbox.org,2021-11-09,mailbox.org
287,Loretta Morgan,jason71@mailbox.org,2020-03-07,mailbox.org
288,Kayla Porter,kelli71@mailbox.org,2023-02-25,mailbox.org
289,Carolyn Murray,sarah18@outlook.com,2022-10-26,outlook.com
290,Teresa Nelson,ndavis@example.com,2023-07-17,example.com
291,Ms. Chelsea Wells DDS,dakotajackson@ukr.net,2022-09-01,ukr.net
292,Mr. Stephen Pennington MD,gsmith@outlook.com,2022-10-20,outlook.com
293,Elizabeth Payne,gordonedward@gmail.com,2024-01-29,gmail.com
294,Nicole Gonzalez,owengina@ukr.net,2023-08-16,ukr.net
295,James Reid Jr.,bryan49@outlook.com,2023-12-31,outlook.com
296,Antonio Howell,mlamb@outlook.com,2023-04-30,outlook.com
297,Victoria Garcia,lesliebrown@yahoo.com,2020-06-14,yahoo.com
298,Patricia Vargas,qwong@hotmail.com,2022-09-04,hotmail.com
299,Brent Peterson,reneegordon@example.com,2022-03-12,example.com
300,Derek Fuller,josephstevenson@hotmail.com,2024-08-27,hotmail.com
301,Maria Turner DDS,meganwilliams@outlook.com,2024-07-17,outlook.com
302,Angie Knight,whitekaren@gmail.com,2023-07-13,gmail.com
303,Dr. Sheila Cole DVM,cherylcompton@hotmail.com,2021-12-19,hotmail.com
304,Joanne Thomas,johnsonjoshua@yahoo.com,2022-01-14,yahoo.com
305,Ricky Mendez,jennifer44@mailbox.org,2023-07-30,mailbox.org
306,Wendy Marquez,kgarcia@yahoo.com,2020-06-08,yahoo.com
307,Laura Garcia,mark24@mailbox.org,2024-06-25,mailbox.org
308,Jonathan Flynn,powellchristopher@hotmail.com,2023-09-27,hotmail.com
309,Dawn Johnson,odiaz@outlook.com,2023-01-01,outlook.com
310,Steven Johnson,scarpenter@yahoo.com,2020-07-30,yahoo.com
311,Pamela Montgomery,todd52@outlook.com,2024-04-17,outlook.com
312,Joshua Brown,sarahburke@mailbox.org,2023-04-04,mailbox.org
313,Jason Vincent,tapiapatricia@mailbox.org,2023-09-05,mailbox.org
314,Yvonne Russell,jeffrey58@gmail.com,2021-05-29,gmail.com
315,Zoe Wade,taylorcollins@yahoo.com,2024-08-31,yahoo.com
316,Michelle Wright,sheacatherine@gmail.com,2023-02-05,gmail.com
317,Anna Delacruz,pamela68@example.com,2021-02-20,example.com
318,George Jackson,gary15@outlook.com,2023-08-11,outlook.com
319,Wendy Graham,zclark@mailbox.org,2021-10-26,mailbox.org
320,Janet Gilbert,timothyrivera@ukr.net,2024-05-02,ukr.net
321,Melissa Bowman,josephmartin@hotmail.com,2020-12-22,hotmail.com
322,Scott Lowe,yvonne60@ukr.net,2022-12-26,ukr.net
323,Jamie Mendoza,ericalyons@ukr.net,2022-03-25,ukr.net
324,Rodney Marks,turnerdorothy@hotmail.com,2021-09-30,hotmail.com
325,Cynthia Ramos,mcdonaldsteven@mailbox.org,2020-08-12,mailbox.org
326,Miranda Brandt,hkelly@mailbox.org,2021-07-22,mailbox.org
327,Cody Thomas,curtisbenson@ukr.net,2020-05-30,ukr.net
328,Angel Velasquez,katherine13@hotmail.com,2023-07-08,hotmail.com
329,Christopher Anderson,jonathanturner@mailbox.org,2020-08-29,mailbox.org
330,Michael Mclean,jamesmartinez@yahoo.com,2024-05-26,yahoo.com
331,Oscar Cunningham,nlloyd@mailbox.org,2020-03-11,mailbox.org
332,Patrick Smith,spencetammy@ukr.net,2020-02-15,ukr.net
333,Jessica Jackson,jamesneal@ukr.net,2023-05-29,ukr.net
334,Patrick Nelson,jasoncox@gmail.com,2023-03-16,gmail.com
335,Timothy Richardson,zmartin@outlook.com,2020-06-13,outlook.com
336,Christopher Clark,hoodchristina@example.com,2022-04-19,example.com
337,Anthony Huffman,william29@outlook.com,2021-05-25,outlook.com
338,Lynn Brown,codywelch@gmail.com,2020-07-17,gmail.com
339,Stephanie Sawyer,whamilton@gmail.com,2021-07-27,gmail.com
340,Kimberly Bradshaw,whitetony@ukr.net,2023-08-11,ukr.net
341,Michael Sweeney,maryjackson@yahoo.com,2021-04-30,yahoo.com
342,Shelley Castro,carlosharris@example.com,2020-11-20,example.com
343,Angela Obrien,palmersamuel@yahoo.com,2021-07-31,yahoo.com
344,Jeffery Mclean,richardalan@ukr.net,2023-07-01,ukr.net
345,Timothy Roberts,miranda99@hotmail.com,2024-10-09,hotmail.com
346,Randall Kim,lancedavis@outlook.com,2021-04-18,outlook.com
347,Adam Moore,woodsstacey@example.com,2021-07-16,example.com
348,Kristen Nichols,kaitlinfreeman@outlook.com,2021-01-05,outlook.com
349,Bridget Crosby,moorenancy@gmail.com,2020-01-04,gmail.com
350,Faith Perez,michaelball@mailbox.org,2020-08-11,mailbox.org
351,Mr. Christian Hammond,vcobb@mailbox.org,2024-10-19,mailbox.org
352,Deborah Cardenas,fmejia@outlook.com,2021-06-13,outlook.com
353,Adam Holt,ymorgan@example.com,2022-01-31,example.com
354,Jack Byrd,pharrell@example.com,2024-08-01,example.com
355,Sheri Houston,jonesrebecca@ukr.net,2022-10-19,ukr.net
356,John Norton,porteranthony@gmail.com,2021-09-21,gmail.com
357,Alexis Hicks,timothy94@example.com,2022-09-22,example.com
358,Michael Pham,nguyenkimberly@ukr.net,2021-08-19,ukr.net
359,Rebecca Brown,stanley21@example.com,2022-05-01,example.com
360,Curtis Herrera,tcarrillo@outlook.com,2020-10-19,outlook.com
361,Timothy Allen,martinezapril@hotmail.com,2022-05-18,hotmail.com
362,Sherry Wyatt,patty71@outlook.com,2023-10-23,outlook.com
363,Michael Atkins,johnsonkendra@mailbox.org,2020-04-12,mailbox.org
364,Todd Hoover,baileymary@hotmail.com,2023-10-10,hotmail.com
365,Yvonne Richardson,karenjacobson@mailbox.org,2020-07-17,mailbox.org
366,Debra Krueger,matthew78@ukr.net,2023-03-17,ukr.net
367,Miranda Weeks,sonyadaniels@hotmail.com,2021-11-29,hotmail.com
368,Kevin Bradley,bjohnson@gmail.com,2020-02-21,gmail.com
369,Heather Flores,kathryn28@gmail.com,2021-01-26,gmail.com
370,Dana Richardson,philipboyd@yahoo.com,2022-07-30,yahoo.com
371,Eric Gonzalez,jonathan18@example.com,2024-10-14,example.com
372,Richard Koch,christian20@outlook.com,2020-10-14,outlook.com
373,Amy Callahan,crystalhowell@hotmail.com,2021-06-01,hotmail.com
374,Jessica Jimenez,holdenrodney@hotmail.com,2020-03-07,hotmail.com
375,Jack Zuniga,gina26@mailbox.org,2023-11-20,mailbox.org
376,Laura Cervantes,carolyn75@hotmail.com,2022-05-24,hotmail.com
377,Jamie Shaffer,gary01@example.com,2023-10-05,example.com
378,Brad Walls,dfields@outlook.com,2020-09-14,outlook.com
379,Sharon Simpson,kimberlysanchez@ukr.net,2022-10-04,ukr.net
380,Christopher Thomas,tmelton@yahoo.com,2020-01-04,yahoo.com
381,Pamela Brown,xbutler@ukr.net,2020-01-19,ukr.net
382,Christopher Miller,shelleyvalenzuela@yahoo.com,2023-03-18,yahoo.com
383,Sandra Allen,melissa90@hotmail.com,2022-02-13,hotmail.com
384,Michelle Andrews,brettwhite@example.com,2024-08-10,example.com
385,Jeffery Ortega,gabriellecrawford@gmail.com,2023-09-21,gmail.com
386,Brittney Medina,brandydixon@yahoo.com,2021-04-22,yahoo.com
387,Steven Munoz,gibsongeorge@outlook.com,2022-08-02,outlook.com
388,Erin Sawyer,websteranna@gmail.com,2020-11-05,gmail.com
389,William Weiss,christian47@yahoo.com,2021-09-27,yahoo.com
390,Joseph Davis,laurenhorn@example.com,2021-01-30,example.com
391,Sheila Ballard,rachel09@outlook.com,2020-09-27,outlook.com
392,Jose Walker,nicole15@outlook.com,2020-09-27,outlook.com
393,Deanna Walker,liulaura@mailbox.org,2023-12-11,mailbox.org
394,Robin Meyer,gbennett@example.com,2022-05-18,example.com
395,Brandon Miller,sotorobert@outlook.com,2021-12-26,outlook.com
396,Tammy Arnold,henryhall@outlook.com,2022-04-30,outlook.com
397,Linda Anderson,katrinamoore@mailbox.org,2022-08-14,mailbox.org
398,John Campbell,james69@gmail.com,2023-03-17,gmail.com
399,Kim Charles,mariajackson@example.com,2024-04-19,example.com
400,David Johnson,dana18@example.com,2021-10-05,example.com
401,Russell King,zmyers@example.com,2020-01-01,example.com
402,Michael Smith,bholt@hotmail.com,2021-12-12,hotmail.com
403,Daniel Parrish,amy56@example.com,2021-06-28,example.com
404,Shelly Jones,jason85@example.com,2024-01-26,example.com
405,Sarah Mccann,paulespinoza@yahoo.com,2024-06-17,yahoo.com
406,Rhonda Reese,clarkcaleb@hotmail.com,2023-02-01,hotmail.com
407,Kimberly Perez,kaitlin35@example.com,2023-09-15,example.com
408,Allison Garcia,sabrinahuynh@gmail.com,2023-09-21,gmail.com
409,Amber Johnson,benjaminbrown@mailbox.org,2021-02-20,mailbox.org
410,Edward Espinoza,christopherhill@hotmail.com,2023-03-02,hotmail.com
411,Brian Dyer,cooperkyle@example.com,2021-08-07,example.com
412,Jennifer Bowman,fostergary@hotmail.com,2022-03-08,hotmail.com
413,Scott Mann,john98@example.com,2024-06-10,example.com
414,Jerry Barnes,nmann@hotmail.com,2023-10-20,hotmail.com
415,Jonathan Huerta,schaeferanita@ukr.net,2021-07-23,ukr.net
416,Richard Peters,dalton35@mailbox.org,2020-08-18,mailbox.org
417,Angela Santos,dgates@outlook.com,2023-03-09,outlook.com
418,Megan Austin,kreese@gmail.com,2020-02-11,gmail.com
419,Jordan Fitzpatrick,xcampbell@mailbox.org,2022-10-01,mailbox.org
420,Randall Holloway,gallaghersamuel@hotmail.com,2023-02-06,hotmail.com
421,Thomas Baker,alexanderbilly@hotmail.com,2023-06-19,hotmail.com
422,Kristi Mitchell,jeffrey83@example.com,2023-03-17,example.com
423,Morgan Huang,greenmatthew@hotmail.com,2021-03-03,hotmail.com
424,Andrew Pearson,hawkinspatricia@example.com,2022-10-20,example.com
425,Megan Johnson,brandon76@gmail.com,2021-09-12,gmail.com
426,Becky Garcia DVM,james29@example.com,2021-07-10,example.com
427,John Black,yangcharles@hotmail.com,2023-10-06,hotmail.com
428,Jeffrey Hughes,john31@hotmail.com,2021-03-26,hotmail.com
429,Jeffery Jackson,zdean@hotmail.com,2024-04-07,hotmail.com
430,Benjamin Alvarez,zbray@example.com,2022-11-04,example.com
431,Jacqueline Moore,jenniferhudson@yahoo.com,2022-12-13,yahoo.com
432,Colleen Edwards,jweber@outlook.com,2024-04-15,outlook.com
433,Jennifer Peck,thorntonjeffrey@yahoo.com,2022-04-11,yahoo.com
434,Carol Mason,jessica40@hotmail.com,2021-12-16,hotmail.com
435,Eric Hansen,natalie30@yahoo.com,2022-05-05,yahoo.com
436,Scott Hunt Jr.,derrickmcdonald@yahoo.com,2023-12-07,yahoo.com
437,Erica Vazquez,kristi36@gmail.com,2022-07-31,gmail.com
438,Erin Clark,kristiecannon@mailbox.org,2023-01-04,mailbox.org
439,Christopher Trevino,sierra20@ukr.net,2020-12-29,ukr.net
440,Terry Valdez,jacksonkelly@gmail.com,2023-02-13,gmail.com
441,John Logan,louisellis@outlook.com,2023-11-05,outlook.com
442,Ashley Brown,pgoodman@outlook.com,2023-05-18,outlook.com
443,Miguel Bell,twolfe@mailbox.org,2021-04-16,mailbox.org
444,Amy Brown,bherman@hotmail.com,2020-10-14,hotmail.com
445,Debra Walker,amandamaldonado@gmail.com,2023-10-08,gmail.com
446,Kelly Watts,shawnmiller@outlook.com,2021-04-09,outlook.com
447,Michael Choi,williambailey@hotmail.com,2024-01-15,hotmail.com
448,David Leach,calvin22@outlook.com,2020-04-11,outlook.com
449,Nicolas Mccoy,tiffany78@gmail.com,2020-09-01,gmail.com
450,Debra Brooks,floresashley@yahoo.com,2022-05-24,yahoo.com
451,Kaitlin Shields,melindawheeler@mailbox.org,2023-08-06,mailbox.org
452,Nancy Summers,luis77@hotmail.com,2020-01-27,hotmail.com
453,Christopher Dodson,julian02@example.com,2023-02-10,example.com
454,Samuel Garza,tanya37@example.com,2024-04-03,example.com
455,Richard Davies,adam33@outlook.com,2024-04-17,outlook.com
456,Tim King,contrerasjohn@yahoo.com,2022-01-07,yahoo.com
457,Jason Miller,silvadavid@example.com,2024-03-17,example.com
458,Amy Williams,tracey79@ukr.net,2022-08-20,ukr.net
459,Kathy Diaz,dmartin@gmail.com,2022-04-25,gmail.com
460,Lisa Bell,knightdaniel@mailbox.org,2024-09-19,mailbox.org
461,Brian Evans,lsmith@outlook.com,2023-01-02,outlook.com
462,Corey Miller,anthonyshields@mailbox.org,2023-05-16,mailbox.org
463,Shannon Valentine,amber63@example.com,2023-06-10,example.com
464,Melissa Richards,melissamiller@hotmail.com,2022-10-15,hotmail.com
465,Randy Phillips,annette82@gmail.com,2024-05-18,gmail.com
466,Michael Hatfield,robert98@example.com,2022-07-08,example.com
467,Timothy Wells,frankfrancis@outlook.com,2023-12-30,outlook.com
468,Caitlin Palmer,davidberry@hotmail.com,2023-05-29,hotmail.com
469,Victoria Lopez,mvasquez@example.com,2024-05-21,example.com
470,Shannon Castillo,scott09@example.com,2023-07-10,example.com
471,Heather Hurley,nmoore@ukr.net,2022-08-15,ukr.net
472,James Vaughan,bbowen@outlook.com,2024-07-01,outlook.com
473,Laura Jimenez,jenniferhuynh@gmail.com,2023-11-10,gmail.com
474,Michael Carrillo,travismorris@yahoo.com,2020-05-22,yahoo.com
475,Thomas Olsen,james32@mailbox.org,2021-01-24,mailbox.org
476,Glenn Ramirez,danarandolph@mailbox.org,2022-01-01,mailbox.org
477,Rebecca Pollard,hendersonantonio@mailbox.org,2023-06-02,mailbox.org
478,Anna Barber,matthewmccormick@gmail.com,2024-03-08,gmail.com
479,Gabrielle Kramer,kwright@outlook.com,2022-07-07,outlook.com
480,Bethany Walker,xatkins@ukr.net,2022-07-12,ukr.net
481,Tyrone Gardner,rsoto@yahoo.com,2020-02-17,yahoo.com
482,Jerry Foster,kimvang@gmail.com,2020-08-18,gmail.com
483,Brian Smith,gonzalesmichelle@gmail.com,2020-12-28,gmail.com
484,Charles Hill,karen18@example.com,2022-08-16,example.com
485,Andrew Griffin,andrewnunez@outlook.com,2021-09-07,outlook.com
486,Stephanie Ellis,gbass@hotmail.com,2021-06-14,hotmail.com
487,Julia Wolfe,paul69@outlook.com,2023-12-30,outlook.com
488,Sarah Taylor,cartertrevor@mailbox.org,2023-07-19,mailbox.org
489,James Blankenship,reidmatthew@outlook.com,2024-01-03,outlook.com
490,Caleb Aguilar,ehernandez@ukr.net,2020-09-07,ukr.net
491,Robert Gonzalez,jesusgreen@yahoo.com,2021-01-22,yahoo.com
492,Stephanie Salazar DDS,kwalter@outlook.com,2022-05-17,outlook.com
493,Christopher Lang IV,gregory91@hotmail.com,2023-11-19,hotmail.com
494,Sean Escobar DDS,george82@hotmail.com,2022-12-31,hotmail.com
495,Jill Cameron,megankim@yahoo.com,2023-04-22,yahoo.com
496,Matthew Walker,grahamdeborah@example.com,2020-01-08,example.com
497,Karen Little,hsimmons@outlook.com,2023-08-08,outlook.com
498,Brian Macdonald Jr.,oburke@example.com,2020-03-21,example.com
499,Sharon Wood,shelleynguyen@gmail.com,2022-03-13,gmail.com
500,Andrew Burns,mariamack@example.com,2023-06-21,example.com
501,Felicia Wright,waynehorne@example.com,2024-01-27,example.com
502,Jonathan Mccarthy,michael56@yahoo.com,2023-08-21,yahoo.com
503,Rebecca Price,garciasteven@hotmail.com,2024-07-18,hotmail.com
504,Christopher Gutierrez,vhernandez@hotmail.com,2021-10-21,hotmail.com
505,Jason Salazar,laura61@example.com,2020-10-07,example.com
506,Kayla Thomas,menglish@ukr.net,2024-04-10,ukr.net
507,Scott Orr,sanchezkimberly@example.com,2022-03-01,example.com
508,Kari Lewis,kevin46@mailbox.org,2024-07-14,mailbox.org
509,Kristin Garcia,aaronruiz@outlook.com,2020-08-21,outlook.com
510,Tyler Moore,noah12@ukr.net,2022-08-10,ukr.net
511,Cassandra Brooks,achavez@ukr.net,2021-12-02,ukr.net
512,Cody Faulkner,dalesimmons@hotmail.com,2022-05-22,hotmail.com
513,Howard Jones,ywilliams@gmail.com,2021-01-22,gmail.com
514,Matthew Norman,jonathan67@ukr.net,2023-11-27,ukr.net
515,Charles Baldwin,nnorris@example.com,2021-12-29,example.com
516,Kathleen Sanchez,browndebra@gmail.com,2020-12-23,gmail.com
517,Michael Smith,morrispaula@gmail.com,2022-08-23,gmail.com
518,Tonya Allen,lindafoley@yahoo.com,2020-02-12,yahoo.com
519,Christopher Mathis,patrickmartinez@gmail.com,2020-02-22,gmail.com
520,Ashley Martinez,bwallace@example.com,2022-10-09,example.com
521,Amy Smith,cynthiaschroeder@mailbox.org,2024-07-01,mailbox.org
522,Eric Park,megancunningham@outlook.com,2024-09-26,outlook.com
523,Brian Wade,jeremykim@yahoo.com,2020-11-20,yahoo.com
524,Katherine Lester,dsanford@ukr.net,2024-03-05,ukr.net
525,Scott Jones,hlindsey@outlook.com,2021-03-25,outlook.com
526,Gina Collins,brownjose@mailbox.org,2023-02-16,mailbox.org
527,Mr. Aaron Ramirez,qconway@yahoo.com,2021-02-21,yahoo.com
528,Cassandra Collins,william17@ukr.net,2023-03-23,ukr.net
529,Jorge Lin,xbrady@gmail.com,2020-06-07,gmail.com
530,Jessica Green,yjohnson@gmail.com,2021-09-28,gmail.com
531,Michael Shields,zdavis@example.com,2020-04-10,example.com
532,Michael Kane,mayryan@example.com,2023-03-05,example.com
533,Donna Sanders,danielking@hotmail.com,2022-03-19,hotmail.com
534,Cheryl Craig,ekelly@outlook.com,2021-12-06,outlook.com
535,Rebekah Riley,jerryrussell@ukr.net,2021-08-09,ukr.net
536,Jonathan Smith,fstevens@ukr.net,2020-12-19,ukr.net
537,Nicole Gordon,tylermoore@outlook.com,2020-01-27,outlook.com
538,Matthew Griffith,hernandezrhonda@hotmail.com,2022-02-12,hotmail.com
539,Mr. Eric Maddox,emily67@mailbox.org,2021-02-19,mailbox.org
540,Kaitlin Roberts,riosedward@yahoo.com,2023-11-25,yahoo.com
541,Joseph Edwards,fergusonlaura@mailbox.org,2024-10-10,mailbox.org
542,Steven Dixon,jonesjames@outlook.com,2024-04-24,outlook.com
543,Cameron Williams,collinsjustin@yahoo.com,2023-06-03,yahoo.com
544,Tyler Henderson,sabrinarosales@yahoo.com,2020-02-12,yahoo.com
545,Taylor Gregory,gmartinez@ukr.net,2024-05-07,ukr.net
546,Kimberly Russell,davidsonmartin@outlook.com,2023-11-04,outlook.com
547,Jennifer Marshall,scott40@example.com,2020-12-25,example.com
548,John Weaver,reevesmichael@example.com,2021-05-16,example.com
549,Henry Schneider,nparks@outlook.com,2024-02-14,outlook.com
550,Maurice Meyers,mark72@mailbox.org,2020-11-27,mailbox.org
551,Stacy Williams,fbrown@ukr.net,2022-10-25,ukr.net
552,Charles Jones,ebradford@ukr.net,2024-08-18,ukr.net
553,Mikayla Salinas,jasonfarmer@example.com,2022-03-16,example.com
554,Valerie Melendez,wjacobson@outlook.com,2022-01-15,outlook.com
555,Michael Meza,mullenjeffery@gmail.com,2022-04-08,gmail.com
556,Billy Brock,mary00@mailbox.org,2021-05-21,mailbox.org
557,Lisa Le,jenniferjackson@gmail.com,2021-01-03,gmail.com
558,Stacy Cortez,michael98@outlook.com,2020-07-08,outlook.com
559,Spencer Fleming,gibsonkaren@yahoo.com,2020-01-04,yahoo.com
560,Andrew Rojas,mcgeemargaret@gmail.com,2024-08-24,gmail.com
561,Richard Gomez,misty29@hotmail.com,2021-12-09,hotmail.com
562,Mrs. Allison Hood,youngeric@ukr.net,2022-08-15,ukr.net
563,Debra Gutierrez DVM,john43@outlook.com,2021-05-20,outlook.com
564,Donna Hughes,jodonnell@yahoo.com,2024-03-04,yahoo.com
565,Scott Bell,jordanfelicia@example.com,2024-02-07,example.com
566,William Mahoney,erobinson@outlook.com,2023-04-23,outlook.com
567,Amanda Brown,zspencer@gmail.com,2022-11-23,gmail.com
568,Jonathan Harris,sue18@hotmail.com,2022-03-24,hotmail.com
569,Michael Herman,timothy80@gmail.com,2022-11-21,gmail.com
570,Christopher Miller,steve26@outlook.com,2021-11-30,outlook.com
571,Arthur Hooper,debra66@mailbox.org,2023-07-04,mailbox.org
572,Randall Nelson,tiffanychung@outlook.com,2020-06-29,outlook.com
573,Sherri Jones,angela08@gmail.com,2023-07-25,gmail.com
574,Nancy Madden,danielbaldwin@example.com,2023-09-01,example.com
575,Danielle Rivera,sharonjenkins@mailbox.org,2022-03-04,mailbox.org
576,Thomas Hodge,ernesthenson@example.com,2022-09-03,example.com
577,Savannah Lopez,jamesmedina@gmail.com,2024-09-09,gmail.com
578,Jeffrey Pace,wstein@yahoo.com,2024-01-23,yahoo.com
579,Chris Fernandez,arodriguez@outlook.com,2020-08-23,outlook.com
580,Stacy Mathews,lisajordan@hotmail.com,2020-07-30,hotmail.com
581,Jesse Ford,kristinejohnston@example.com,2022-07-30,example.com
582,Holly Johnson,john99@ukr.net,2020-05-14,ukr.net
583,Kimberly Richard,sbeck@gmail.com,2021-11-04,gmail.com
584,Carolyn Smith,timothyreeves@gmail.com,2022-06-25,gmail.com
585,Paula Jones,longleon@outlook.com,2022-02-09,outlook.com
586,Michael Woodward,greenpatricia@outlook.com,2022-02-05,outlook.com
587,Jason Thomas,thomasmartha@hotmail.com,2021-09-11,hotmail.com
588,Dr. Jeffrey Fuller,jason27@hotmail.com,2021-04-12,hotmail.com
589,Tyler Smith,bowmanhunter@hotmail.com,2021-07-22,hotmail.com
590,Steven Williams,dward@outlook.com,2023-03-03,outlook.com
591,Mary Garcia,tylersalazar@outlook.com,2020-07-21,outlook.com
592,Jody Saunders,tara06@yahoo.com,2020-09-07,yahoo.com
593,Tony Erickson,tgutierrez@ukr.net,2021-12-31,ukr.net
594,Andrew Curry,thorntonmegan@outlook.com,2024-06-20,outlook.com
595,Hayley Thomas,vfinley@ukr.net,2024-01-27,ukr.net
596,Leonard Silva,pmacias@mailbox.org,2023-02-28,mailbox.org
597,Keith Mitchell,ariana44@ukr.net,2020-04-30,ukr.net
598,Michael Walton,cheryl09@example.com,2022-09-01,example.com
599,Stacy Moran,sean24@outlook.com,2023-08-18,outlook.com
600,Stephanie Neal,martinandrew@ukr.net,2023-06-27,ukr.net
601,Anna Leblanc,narnold@mailbox.org,2021-10-17,mailbox.org
602,Tanya Williams,hooperamanda@mailbox.org,2024-05-17,mailbox.org
603,Timothy Mayo,emilygill@example.com,2020-01-17,example.com
604,Robert Moody,shari94@yahoo.com,2023-11-23,yahoo.com
605,Nathan Williams,lance55@outlook.com,2023-08-10,outlook.com
606,Jessica Orozco,raymond02@example.com,2020-04-08,example.com
607,Brandon Robinson,sueperez@hotmail.com,2024-03-14,hotmail.com
608,Henry Jones,andreasantiago@example.com,2021-02-18,example.com
609,Jennifer Gonzales,aimeeross@outlook.com,2024-01-28,outlook.com
610,Laura Davis,qandrews@gmail.com,2021-10-27,gmail.com
611,Amber Perez,christine90@hotmail.com,2020-10-05,hotmail.com
612,Mary Delgado,kevin64@gmail.com,2020-11-22,gmail.com
613,Daniel Mccall,elizabethdickerson@yahoo.com,2020-02-18,yahoo.com
614,Rebecca Graves,justin49@example.com,2023-09-08,example.com
615,Kimberly Robinson,aperkins@example.com,2020-01-31,example.com
616,Paul Ellis,brian14@hotmail.com,2020-02-15,hotmail.com
617,Kerri Brady,cohenerik@outlook.com,2020-09-11,outlook.com
618,Amanda Flores,jscott@ukr.net,2021-05-06,ukr.net
619,Kenneth Walker,yandrews@example.com,2020-02-24,example.com
620,Tina Bailey,khall@hotmail.com,2020-08-09,hotmail.com
621,James Cook,elizabethrobinson@gmail.com,2021-02-21,gmail.com
622,Mark Walker,pgonzalez@gmail.com,2024-06-28,gmail.com
623,George Freeman,hermanchristopher@hotmail.com,2023-08-23,hotmail.com
624,Taylor Howell,xharrell@ukr.net,2021-10-31,ukr.net
625,Jillian Hicks,gonzalestimothy@mailbox.org,2024-04-04,mailbox.org
626,Carl Nguyen,wendysimpson@yahoo.com,2024-06-20,yahoo.com
627,Phyllis Thomas,rodneykrueger@hotmail.com,2024-06-10,hotmail.com
628,Jenny Khan,savagechristine@mailbox.org,2024-10-19,mailbox.org
629,Casey Wilson,andrewschmidt@mailbox.org,2021-06-08,mailbox.org
630,Brian Cole,landrycaitlin@yahoo.com,2023-02-09,yahoo.com
631,Robert Jones,qdavidson@example.com,2024-09-30,example.com
632,Jennifer Wright,matthewvargas@gmail.com,2024-10-22,gmail.com
633,Dustin Rojas,kevinwilliams@yahoo.com,2022-11-28,yahoo.com
634,Corey Schneider,lisa24@gmail.com,2023-03-29,gmail.com
635,Peter Robertson,campbellandrew@ukr.net,2022-08-03,ukr.net
636,David Franklin,zimmermanlaura@hotmail.com,2020-03-30,hotmail.com
637,Joseph Wade,brandoncole@hotmail.com,2020-10-18,hotmail.com
638,Joseph Cummings,tbrown@hotmail.com,2020-07-09,hotmail.com
639,Kevin Knight,tcastro@outlook.com,2023-05-11,outlook.com
640,Keith Hess,alyssahiggins@gmail.com,2023-12-30,gmail.com
641,Deanna Porter,keith45@hotmail.com,2020-08-05,hotmail.com
642,Todd Cantu,sarahjensen@hotmail.com,2021-08-08,hotmail.com
643,Cassandra West,april74@gmail.com,2023-07-29,gmail.com
644,Cole Cross,berrylynn@outlook.com,2022-07-22,outlook.com
645,Cameron Chen,ramirezdebra@example.com,2021-01-08,example.com
646,John Hall,mannandrew@mailbox.org,2020-07-08,mailbox.org
647,Megan Smith,fostergregory@hotmail.com,2023-10-20,hotmail.com
648,Mathew Cline,mckinneymatthew@hotmail.com,2023-07-14,hotmail.com
649,Jackie Frost,townsendkristen@ukr.net,2022-12-25,ukr.net
650,Ian Mccormick,zpierce@yahoo.com,2020-03-10,yahoo.com
651,Ashley Johnson,amandasloan@yahoo.com,2023-05-06,yahoo.com
652,Kyle Bailey,pacejennifer@example.com,2021-05-04,example.com
653,John Williams,timothy19@hotmail.com,2024-03-29,hotmail.com
654,Stephanie Aguilar,crios@ukr.net,2021-12-18,ukr.net
655,Sylvia Kim,lboyle@hotmail.com,2024-03-26,hotmail.com
656,Molly Phillips,pierceamanda@mailbox.org,2023-04-22,mailbox.org
657,Michael Hendrix,reedlarry@example.com,2024-10-12,example.com
658,Jill Price MD,xbrown@gmail.com,2020-02-12,gmail.com
659,Brittney Norman,william55@hotmail.com,2022-08-11,hotmail.com
660,Travis Gray,wsmith@mailbox.org,2020-07-31,mailbox.org
661,David Moreno,jonesphillip@example.com,2021-04-02,example.com
662,Gary Hart,sandra54@ukr.net,2022-06-11,ukr.net
663,Adriana Nelson,spearsbrian@hotmail.com,2020-03-07,hotmail.com
664,Timothy Jones,jessicafrazier@ukr.net,2020-04-25,ukr.net
665,Daniel Murray,williamscynthia@ukr.net,2020-11-02,ukr.net
666,John Kaiser,richardpitts@outlook.com,2023-11-26,outlook.com
667,Michael Graham,fjohnson@mailbox.org,2023-02-05,mailbox.org
668,Elizabeth Bolton,fsanchez@ukr.net,2023-08-27,ukr.net
669,Ashley Warren,harrisbradley@gmail.com,2020-02-24,gmail.com
670,Terry Baker Jr.,jason00@hotmail.com,2021-08-10,hotmail.com
671,Krista Schroeder,jenniferlee@ukr.net,2024-09-27,ukr.net
672,Denise Atkins,richardsmith@gmail.com,2021-04-06,gmail.com
673,Timothy Mullen,joseph86@hotmail.com,2024-07-11,hotmail.com
674,Kevin Bullock,gleonard@example.com,2022-12-06,example.com
675,Christine Porter,coopermichelle@hotmail.com,2023-04-23,hotmail.com
676,Jill Warner,gibsondiana@example.com,2022-01-22,example.com
677,Curtis Greene,katiebrewer@yahoo.com,2022-07-04,yahoo.com
678,Roger Middleton,mariascott@example.com,2020-10-18,example.com
679,Sean Brown,mark09@example.com,2024-01-25,example.com
680,Nicholas Robertson,nellis@ukr.net,2022-09-23,ukr.net
681,Jason Irwin,rjackson@outlook.com,2024-02-07,outlook.com
682,Juan Garcia,bellmicheal@ukr.net,2023-02-24,ukr.net
683,Anna Hunt,schwartzheather@outlook.com,2021-02-07,outlook.com
684,Anne Jackson,nfranklin@yahoo.com,2024-04-20,yahoo.com
685,Theresa Buchanan,stephaniebarker@mailbox.org,2020-06-25,mailbox.org
686,James Morris,kaitlin87@yahoo.com,2020-04-24,yahoo.com
687,Robert Freeman,wbrown@ukr.net,2022-03-26,ukr.net
688,Misty Rios,kathrynvargas@hotmail.com,2024-07-26,hotmail.com
689,Kayla Neal,griffithrenee@gmail.com,2022-01-07,gmail.com
690,Amy Williams,wfischer@yahoo.com,2022-05-30,yahoo.com
691,Ricky Dixon,melissaanderson@hotmail.com,2023-06-13,hotmail.com
692,Brian Arroyo,cjenkins@example.com,2022-11-06,example.com
693,Elizabeth Wilson,charlesmeyers@outlook.com,2024-10-05,outlook.com
694,Peter Chavez,vanessa89@example.com,2024-04-17,example.com
695,Jesus Evans,ileonard@gmail.com,2022-03-08,gmail.com
696,Claudia Jones,holderjonathan@ukr.net,2024-04-04,ukr.net
697,Brian Nelson,scott34@example.com,2024-02-17,example.com
698,Steven Wise,sandrayates@gmail.com,2021-10-13,gmail.com
699,Mark Meadows,patrick36@yahoo.com,2022-01-29,yahoo.com
700,Patricia Campbell,sarahskinner@gmail.com,2022-04-11,gmail.com
701,Zachary Gomez,spencerpatrick@gmail.com,2021-08-02,gmail.com
702,Joshua Taylor,monica67@ukr.net,2023-04-03,ukr.net
703,Philip Vega,brittney47@outlook.com,2023-01-11,outlook.com
704,Lindsay Smith,steven97@example.com,2022-02-06,example.com
705,Joshua Brown,aprilwilson@ukr.net,2022-11-05,ukr.net
706,Robert Wilson,brandonsmith@ukr.net,2021-04-16,ukr.net
707,Christian Gonzales,mannalexandria@gmail.com,2023-02-03,gmail.com
708,Ronald Braun,jamesphyllis@example.com,2020-03-06,example.com
709,Andrew Martin,nmoore@hotmail.com,2023-09-11,hotmail.com
710,Kyle Hood,blake77@gmail.com,2022-07-30,gmail.com
711,Michael Griffin,huntbrenda@mailbox.org,2020-07-25,mailbox.org
712,James Rivera,joseharris@yahoo.com,2021-04-06,yahoo.com
713,Craig Castro,greengary@ukr.net,2020-10-18,ukr.net
714,Donna Gutierrez,umoore@ukr.net,2024-07-03,ukr.net
715,Angela Moss,markcasey@mailbox.org,2020-12-12,mailbox.org
716,Sharon Shields,parkermary@gmail.com,2023-08-18,gmail.com
717,Shawn Rodriguez,pstanley@hotmail.com,2021-04-14,hotmail.com
718,Ryan Hernandez,breanna80@gmail.com,2022-06-12,gmail.com
719,Jennifer Spencer,stephanierubio@mailbox.org,2024-08-10,mailbox.org
720,Jimmy Glenn,calvinfoster@ukr.net,2021-08-03,ukr.net
721,Latoya Campos,teresariley@ukr.net,2024-06-04,ukr.net
722,April Perry,rayalvin@example.com,2023-07-23,example.com
723,Lisa Owen,tsawyer@gmail.com,2022-11-09,gmail.com
724,Mr. Aaron Wilson,darroyo@hotmail.com,2023-03-25,hotmail.com
725,Travis Lawrence,bsloan@outlook.com,2023-07-27,outlook.com
726,Andrew Martinez,nathaniel57@ukr.net,2021-03-28,ukr.net
727,Heather Brown,edwardwu@gmail.com,2021-09-29,gmail.com
728,Edwin Hale,ryanthomas@example.com,2023-02-09,example.com
729,James Turner,krystal55@example.com,2020-01-20,example.com
730,Victor Miranda,kroman@gmail.com,2021-05-01,gmail.com
731,Monique Melendez,hschaefer@hotmail.com,2024-04-07,hotmail.com
732,Joseph Morris,reedryan@mailbox.org,2022-05-01,mailbox.org
733,Cody Johnson,jacquelinehaas@yahoo.com,2021-11-03,yahoo.com
734,Barbara Simmons,bradley74@yahoo.com,2024-01-23,yahoo.com
735,Thomas Melton,david20@outlook.com,2023-06-16,outlook.com
736,Mr. John Hunter,melinda18@yahoo.com,2022-10-24,yahoo.com
737,Samantha Perez,ccannon@mailbox.org,2023-07-11,mailbox.org
738,Jared Henry,timothygoodman@outlook.com,2023-07-17,outlook.com
739,Sean Gray,qkelly@hotmail.com,2020-10-28,hotmail.com
740,Megan Johns,cfox@gmail.com,2024-05-30,gmail.com
741,Aaron Monroe,wharris@example.com,2021-11-14,example.com
742,Stephen Adams,john73@ukr.net,2021-03-25,ukr.net
743,Shawn Gomez,ajohnson@example.com,2023-06-10,example.com
744,Brendan Austin,shansen@ukr.net,2024-06-26,ukr.net
745,Crystal Chandler,newtonjared@gmail.com,2021-09-21,gmail.com
746,Raymond Erickson,cynthiapugh@hotmail.com,2023-11-20,hotmail.com
747,Kaylee Robinson,denise98@gmail.com,2024-05-26,gmail.com
748,Caitlyn Hogan,rhooper@mailbox.org,2023-09-22,mailbox.org
749,Nicolas Mitchell DVM,brian90@ukr.net,2024-02-27,ukr.net
750,Kelly Mann,sarah49@ukr.net,2023-01-16,ukr.net
751,Elizabeth Smith,dgross@outlook.com,2022-11-02,outlook.com
752,Melissa Roth,powellkyle@outlook.com,2023-08-11,outlook.com
753,Christopher Roberson,nicholas23@hotmail.com,2022-05-25,hotmail.com
754,Kimberly Burgess,rramirez@yahoo.com,2023-07-13,yahoo.com
755,Christopher Schneider,brianfigueroa@gmail.com,2020-11-09,gmail.com
756,Timothy Castillo,tonya59@outlook.com,2023-12-25,outlook.com
757,Scott Bryant,lisamoreno@mailbox.org,2023-12-04,mailbox.org
758,Sydney Gray,joseph17@ukr.net,2021-04-08,ukr.net
759,Mr. Kevin Branch Jr.,qholmes@gmail.com,2022-08-06,gmail.com
760,Brian Noble,karen36@outlook.com,2021-08-01,outlook.com
761,Kimberly Vargas,bmarshall@gmail.com,2020-05-19,gmail.com
762,Mary Bryant,ronniegrant@ukr.net,2021-08-19,ukr.net
763,Susan Henry,cmiller@hotmail.com,2022-04-01,hotmail.com
764,Patrick Phillips,brandon29@ukr.net,2022-03-31,ukr.net
765,Nancy Terrell,sgilbert@ukr.net,2023-09-07,ukr.net
766,Jason Johnston,anewman@ukr.net,2023-07-22,ukr.net
767,Karen Bailey,brownjessica@ukr.net,2023-05-17,ukr.net
768,Erica Fleming,kathrynsanford@gmail.com,2020-05-31,gmail.com
769,William Hayes,efranklin@yahoo.com,2023-03-28,yahoo.com
770,Cheryl Powell,mhughes@mailbox.org,2020-04-05,mailbox.org
771,Michelle Larson,emilytorres@ukr.net,2023-01-08,ukr.net
772,Lisa Mendoza,danielle80@gmail.com,2021-10-11,gmail.com
773,Brian Dominguez,chadlee@hotmail.com,2023-07-05,hotmail.com
774,Kathryn Becker,nicolecox@gmail.com,2022-08-15,gmail.com
775,Kenneth Hall,ellen44@hotmail.com,2023-08-06,hotmail.com
776,John Greene,kevin84@hotmail.com,2020-07-14,hotmail.com
777,Andres Sanders,christinafry@gmail.com,2022-04-20,gmail.com
778,Edward Swanson,gscott@yahoo.com,2021-06-08,yahoo.com
779,Heather Hartman,gali@mailbox.org,2023-10-19,mailbox.org
780,Andrew Nguyen,heathersanders@hotmail.com,2020-08-13,hotmail.com
781,Matthew Finley,johnmyers@ukr.net,2022-01-28,ukr.net
782,Larry Woods,jsaunders@example.com,2023-11-17,example.com
783,Jennifer Cooper,xross@outlook.com,2020-05-18,outlook.com
784,Johnathan Harvey,christopher14@hotmail.com,2020-12-12,hotmail.com
785,Monica Quinn,whitefrank@gmail.com,2020-09-22,gmail.com
786,Margaret Reyes,mahoneysara@ukr.net,2021-12-03,ukr.net
787,Donald Garrett Jr.,burtonscott@ukr.net,2020-01-05,ukr.net
788,Matthew Santiago,lisajones@gmail.com,2020-06-22,gmail.com
789,Ian Smith,crose@yahoo.com,2022-03-07,yahoo.com
790,Anthony Evans,stephanie93@gmail.com,2021-03-22,gmail.com
791,Alexandra Adams,brandonhart@example.com,2020-06-28,example.com
792,Larry Noble,sheri26@outlook.com,2020-03-18,outlook.com
793,Heather Stewart,williambanks@ukr.net,2024-04-23,ukr.net
794,Ellen Swanson,williamsjames@hotmail.com,2021-12-17,hotmail.com
795,Cole Douglas,yconner@yahoo.com,2021-12-20,yahoo.com
796,Benjamin King,jessicalopez@mailbox.org,2021-04-17,mailbox.org
797,Crystal Fitzpatrick,erodgers@gmail.com,2023-12-11,gmail.com
798,Leslie Cain,omartinez@mailbox.org,2022-09-29,mailbox.org
799,Cynthia Foster,jeffreyolson@mailbox.org,2021-11-04,mailbox.org
800,Ricardo Davis,mendozamichael@example.com,2021-04-21,example.com
801,Kelly Parker,qmclaughlin@gmail.com,2021-05-01,gmail.com
802,Carlos Warren,derrick50@ukr.net,2024-02-14,ukr.net
803,Christopher Robbins,colemancasey@gmail.com,2023-08-19,gmail.com
804,Christina Thomas,rmendoza@ukr.net,2024-04-09,ukr.net
805,Micheal Montgomery,veronica87@ukr.net,2024-05-01,ukr.net
806,Marcus Johnson,etownsend@mailbox.org,2021-08-16,mailbox.org
807,Benjamin Thomas,ann74@example.com,2021-02-09,example.com
808,Kimberly Steele,noah90@mailbox.org,2022-05-11,mailbox.org
809,Richard George,woodanthony@hotmail.com,2021-10-03,hotmail.com
810,William Peters,porterlouis@mailbox.org,2024-05-04,mailbox.org
811,Jeffrey Levine,hartjanet@hotmail.com,2023-05-03,hotmail.com
812,Kayla Miller MD,bennettjames@example.com,2023-07-22,example.com
813,Kenneth Adams,floresjudy@mailbox.org,2022-09-11,mailbox.org
814,John Wallace,rolson@ukr.net,2023-08-11,ukr.net
815,Grace Mccann,tylermelendez@outlook.com,2022-12-25,outlook.com
816,Teresa Anderson,sarahaynes@ukr.net,2023-02-25,ukr.net
817,Emily Wilson,joseph08@hotmail.com,2024-01-15,hotmail.com
818,Nathan Collins,blackdaniel@ukr.net,2024-05-06,ukr.net
819,Rachel Mccoy,jeffrey81@outlook.com,2024-07-27,outlook.com
820,Joanne Perkins,tylerrogers@example.com,2023-08-18,example.com
821,Calvin Bradley,richard46@gmail.com,2024-04-30,gmail.com
822,Jill Hayes,jeremygomez@hotmail.com,2020-11-23,hotmail.com
823,Katrina Perez,mwebster@example.com,2023-08-22,example.com
824,Jose Moore,alexanderwalker@yahoo.com,2020-12-17,yahoo.com
825,Michelle Graham,snorris@gmail.com,2022-04-01,gmail.com
826,Jose Rodriguez,melissarandall@yahoo.com,2022-08-07,yahoo.com
827,Brent Webb,rcarr@gmail.com,2024-02-19,gmail.com
828,Diana Henderson,urowe@outlook.com,2021-01-16,outlook.com
829,Pamela Davis,millerkyle@outlook.com,2024-02-26,outlook.com
830,Tamara Sandoval,brittany09@mailbox.org,2023-08-02,mailbox.org
831,Jacqueline Nguyen DVM,hcolon@example.com,2020-12-25,example.com
832,Jeffrey Johnson,cheryl80@yahoo.com,2021-08-07,yahoo.com
833,Lisa Miller,elizabeth79@gmail.com,2020-06-12,gmail.com
834,Denise Moore,watkinskimberly@example.com,2020-01-09,example.com
835,Jennifer Morris,mjohnson@yahoo.com,2023-06-02,yahoo.com
836,Caleb Mcgee,larsonrobert@yahoo.com,2021-10-25,yahoo.com
837,Jordan Bryant,david65@example.com,2020-07-26,example.com
838,Jerry Hayes,thomas18@outlook.com,2022-10-08,outlook.com
839,Michael Zimmerman,cgriffin@example.com,2021-09-17,example.com
840,Daniel Duncan,andersonmark@yahoo.com,2020-05-02,yahoo.com
841,Regina Moore,bethmoore@ukr.net,2022-05-31,ukr.net
842,Sarah Cunningham,lboyd@ukr.net,2024-10-22,ukr.net
843,Christopher Johnson,stonewilliam@gmail.com,2024-09-06,gmail.com
844,William Rodriguez,fuentesamy@gmail.com,2022-11-14,gmail.com
845,Leah Simpson,christophermarshall@example.com,2023-04-21,example.com
846,Hannah Delgado,ncortez@outlook.com,2021-09-19,outlook.com
847,Matthew Taylor,hmyers@ukr.net,2020-01-12,ukr.net
848,Matthew Ramirez,hchan@ukr.net,2022-09-07,ukr.net
849,Marcia Smith,brianna16@outlook.com,2020-08-31,outlook.com
850,Felicia Leblanc,tinayoung@outlook.com,2022-11-12,outlook.com
851,Jennifer Anderson,joseph14@example.com,2021-02-17,example.com
852,Brian Navarro,ckey@outlook.com,2024-08-12,outlook.com
853,David Martin,josephmoore@hotmail.com,2022-01-04,hotmail.com
854,Ethan Sanchez,monica71@outlook.com,2024-05-12,outlook.com
855,William Miller,scollins@example.com,2024-01-06,example.com
856,Jeffrey Mason,amartinez@yahoo.com,2020-10-22,yahoo.com
857,Charles Green,powellmark@yahoo.com,2022-07-16,yahoo.com
858,Stacy Ford,tinawilson@hotmail.com,2021-04-21,hotmail.com
859,Linda Robinson,brian58@ukr.net,2023-12-13,ukr.net
860,Kelsey Key,raymondcharlene@hotmail.com,2020-03-17,hotmail.com
861,Leslie Gilbert,uwilkinson@yahoo.com,2021-01-25,yahoo.com
862,Ronald Cole,vmercer@yahoo.com,2021-08-14,yahoo.com
863,Larry Vaughan,rosswilliam@example.com,2023-09-21,example.com
864,Eric Kane,paulsoto@gmail.com,2024-10-17,gmail.com
865,Randy Sullivan,nathan71@yahoo.com,2020-10-22,yahoo.com
866,Justin Farmer,robertmitchell@hotmail.com,2024-04-29,hotmail.com
867,Kelsey Curry,wjacobson@yahoo.com,2022-03-04,yahoo.com
868,Patricia Santiago,dlopez@example.com,2020-08-20,example.com
869,David Clark,shelleyjordan@ukr.net,2022-12-21,ukr.net
870,Regina Castro,ldunn@ukr.net,2021-10-20,ukr.net
871,Wesley Jones,joshuamorris@yahoo.com,2022-10-09,yahoo.com
872,Joseph Richardson,garciacrystal@outlook.com,2020-12-20,outlook.com
873,Tracy Schmidt,jose26@example.com,2021-10-14,example.com
874,Lisa Bullock,benjaminevans@example.com,2022-06-18,example.com
875,Angela Jones,ggomez@hotmail.com,2024-03-18,hotmail.com
876,Michael Robinson,johnayala@example.com,2020-07-27,example.com
877,Timothy Mcclain,wlloyd@ukr.net,2020-11-02,ukr.net
878,Danielle Bowers,zbush@outlook.com,2022-06-04,outlook.com
879,Sarah Small,zharris@ukr.net,2021-08-22,ukr.net
880,Mark Mcdonald,zburke@ukr.net,2022-05-11,ukr.net
881,Christine Harris,krich@yahoo.com,2023-08-13,yahoo.com
882,Sara Anderson,michele95@example.com,2020-08-22,example.com
883,Laurie Brown,bishopkayla@outlook.com,2024-05-03,outlook.com
884,Melissa Ferguson,dknox@outlook.com,2020-08-11,outlook.com
885,Jill Lee,jasonfischer@hotmail.com,2021-01-10,hotmail.com
886,Glenn Evans,carol85@yahoo.com,2021-07-22,yahoo.com
887,Steven Lloyd,garciathomas@ukr.net,2024-08-06,ukr.net
888,Ellen Hamilton,knguyen@ukr.net,2023-01-03,ukr.net
889,Margaret Garcia,bdavis@example.com,2023-11-14,example.com
890,Amy Solis,jenningskristie@example.com,2020-10-29,example.com
891,Bradley Chan,riverakimberly@yahoo.com,2021-07-21,yahoo.com
892,Bill Dean,allison83@yahoo.com,2022-07-26,yahoo.com
893,Dawn Ford,spenceashley@gmail.com,2020-05-07,gmail.com
894,Donna Sutton,rbrown@hotmail.com,2021-03-01,hotmail.com
895,Charles Blair,donaldsondonna@outlook.com,2020-07-20,outlook.com
896,Cameron Hansen,moorekeith@gmail.com,2023-04-01,gmail.com
897,Sarah Reynolds,jennifer06@yahoo.com,2020-12-12,yahoo.com
898,Andrea Davis,joseph09@outlook.com,2020-10-15,outlook.com
899,Alexis Johnson,sandypeters@ukr.net,2022-09-26,ukr.net
900,Sheila Johnson,mrichardson@ukr.net,2022-08-18,ukr.net
901,Jennifer Gonzalez,ilopez@mailbox.org,2023-05-11,mailbox.org
902,Valerie Alvarado,cunninghamdeborah@hotmail.com,2021-12-09,hotmail.com
903,Lindsey Gray,jeanettesimon@yahoo.com,2024-05-16,yahoo.com
904,Thomas Jackson MD,riveradebra@gmail.com,2022-06-28,gmail.com
905,Ashley Jones,jlewis@ukr.net,2021-12-19,ukr.net
906,James Walls,bankspamela@gmail.com,2022-01-03,gmail.com
907,Stephen Jones,gilljesse@example.com,2020-12-20,example.com
908,Aaron Ruiz,justin07@yahoo.com,2023-03-02,yahoo.com
909,Katherine English MD,amandamay@ukr.net,2023-07-30,ukr.net
910,Vincent Campbell,amy53@hotmail.com,2020-05-11,hotmail.com
911,Krista Andrews,danielskimberly@hotmail.com,2020-08-03,hotmail.com
912,Olivia Chen,ashley08@mailbox.org,2022-03-21,mailbox.org
913,Jacqueline Campbell,fmoreno@ukr.net,2024-10-03,ukr.net
914,Victoria Adams,steelecorey@hotmail.com,2020-06-12,hotmail.com
915,Christopher Thompson,onealariel@mailbox.org,2021-05-05,mailbox.org
916,Justin Dodson,monica55@gmail.com,2023-10-26,gmail.com
917,Aaron Arnold,kylepittman@hotmail.com,2023-09-28,hotmail.com
918,Kim Vasquez,xlee@hotmail.com,2021-06-05,hotmail.com
919,Cody Mills,sonya15@mailbox.org,2020-05-28,mailbox.org
920,Michael Rice,sarahsmith@outlook.com,2020-10-24,outlook.com
921,Melissa Lee,ray79@ukr.net,2023-11-17,ukr.net
922,Walter Gray,rnorman@yahoo.com,2020-02-02,yahoo.com
923,Allen Hanson,estewart@hotmail.com,2021-06-08,hotmail.com
924,Brenda Reed,wendyjackson@outlook.com,2022-08-16,outlook.com
925,Mark Rangel,vmorales@example.com,2022-08-18,example.com
926,Samuel Martin,allenpatricia@gmail.com,2022-02-22,gmail.com
927,Penny Richmond,rsanchez@hotmail.com,2020-12-20,hotmail.com
928,Francisco Lang,kbean@outlook.com,2022-03-20,outlook.com
929,Janet Leblanc,marcusmoore@mailbox.org,2024-03-15,mailbox.org
930,April Scott,moodydarrell@hotmail.com,2023-12-10,hotmail.com
931,Michael Thompson,brooksashley@yahoo.com,2024-09-05,yahoo.com
932,Angelica Cameron,hammondpenny@ukr.net,2020-02-05,ukr.net
933,William Moreno,nicholas78@example.com,2023-07-14,example.com
934,John Johnson,morasharon@yahoo.com,2022-05-24,yahoo.com
935,Barbara Obrien,murraynathan@example.com,2024-08-21,example.com
936,Nicole Curtis,davidwilson@outlook.com,2022-01-04,outlook.com
937,Deborah Thompson,lisamoreno@ukr.net,2021-06-08,ukr.net
938,Christopher Booth,ljohnson@outlook.com,2024-05-04,outlook.com
939,Alyssa Allen,aliciagrant@gmail.com,2020-07-07,gmail.com
940,Todd Wallace,brianwise@hotmail.com,2024-01-10,hotmail.com
941,Richard Crawford,oneilllauren@example.com,2021-01-08,example.com
942,Edward Gregory,pvalenzuela@mailbox.org,2024-10-19,mailbox.org
943,Preston Hardy,dlee@mailbox.org,2022-02-17,mailbox.org
944,Jacob Miller,valenzuelajames@ukr.net,2022-03-16,ukr.net
945,Brendan Brooks,jason54@yahoo.com,2020-04-21,yahoo.com
946,Jennifer Schmidt,jamesfernandez@gmail.com,2020-07-02,gmail.com
947,Dave Campbell,gregorywallace@yahoo.com,2021-08-18,yahoo.com
948,Michael Reyes,spencerlee@outlook.com,2021-09-18,outlook.com
949,Pamela Watson,henryvelez@ukr.net,2021-09-11,ukr.net
950,Gregory Allen,lewisscott@yahoo.com,2024-02-29,yahoo.com
951,William Wilson,ymoore@ukr.net,2023-09-05,ukr.net
952,Susan Davis,brewerdiana@example.com,2022-01-05,example.com
953,Angela Harvey,pjones@ukr.net,2023-05-12,ukr.net
954,Cindy Phelps,ohansen@example.com,2020-02-20,example.com
955,Nathaniel Petersen,kevin32@example.com,2022-09-17,example.com
956,Valerie Gordon,marcia24@outlook.com,2021-06-10,outlook.com
957,Diana Smith,gordonjuan@ukr.net,2020-05-29,ukr.net
958,Brenda Ortega,emiller@gmail.com,2023-02-04,gmail.com
959,Shannon Burnett,rallen@gmail.com,2021-10-27,gmail.com
960,Catherine Gilbert,angelaserrano@example.com,2021-02-03,example.com
961,Gregory Taylor,pvaughn@mailbox.org,2020-01-15,mailbox.org
962,Nicole Ray,laura57@yahoo.com,2023-05-04,yahoo.com
963,Thomas Mccarthy,ocampbell@ukr.net,2023-05-26,ukr.net
964,Dana Robertson,margaret16@gmail.com,2020-05-31,gmail.com
965,Steven Lawrence,riosjanet@example.com,2024-04-11,example.com
966,Shelby Palmer,nmoody@yahoo.com,2021-10-10,yahoo.com
967,Sarah Daugherty,nicolehoward@gmail.com,2023-03-30,gmail.com
968,Steven Smith,kevinstone@yahoo.com,2022-12-13,yahoo.com
969,Bryan Jackson,littleangela@mailbox.org,2020-05-19,mailbox.org
970,Tina Mccullough,oeverett@gmail.com,2024-05-16,gmail.com
971,Nancy Gonzalez,maria24@hotmail.com,2021-03-15,hotmail.com
972,Daniel Smith,tammywilson@example.com,2020-05-28,example.com
973,Valerie Hinton,kingkenneth@yahoo.com,2022-05-11,yahoo.com
974,Katie Wilkinson,lee44@ukr.net,2024-01-21,ukr.net
975,Kristina Vega,chelsea40@yahoo.com,2021-09-29,yahoo.com
976,Kevin Ryan,lematthew@outlook.com,2023-02-07,outlook.com
977,Jason Taylor,xhammond@yahoo.com,2021-05-30,yahoo.com
978,Jeremy Stephenson,philip88@example.com,2023-04-30,example.com
979,Jacob Garcia,dryan@hotmail.com,2022-10-27,hotmail.com
980,Meghan Wright,jasonpotter@mailbox.org,2022-07-11,mailbox.org
981,Kendra Miller,tayloranderson@hotmail.com,2022-07-29,hotmail.com
982,Michael Gibbs,tami58@hotmail.com,2020-09-27,hotmail.com
983,Chris Weaver,sonyawilkerson@outlook.com,2023-02-27,outlook.com
984,Laura Guzman,hudsonjeremiah@yahoo.com,2021-05-11,yahoo.com
985,Joseph Henderson,ann82@yahoo.com,2024-05-27,yahoo.com
986,Erin Patel,qharmon@outlook.com,2024-08-03,outlook.com
987,Kristen Simon,michael24@gmail.com,2020-05-05,gmail.com
988,Jennifer Williamson,maldonadoeric@mailbox.org,2021-02-16,mailbox.org
989,Kelly Reed,victoria30@hotmail.com,2022-01-29,hotmail.com
990,Krystal Flores,pughdana@example.com,2020-10-18,example.com
991,Alexander Green,ashleytaylor@outlook.com,2023-11-06,outlook.com
992,Amy Villanueva,amanda62@hotmail.com,2024-06-24,hotmail.com
993,Jillian Vega,kenttyler@outlook.com,2022-09-13,outlook.com
994,Danny Carter,dthomas@outlook.com,2024-02-13,outlook.com
995,Kirsten Welch,qcastillo@gmail.com,2020-02-03,gmail.com
996,Ann Green,kelleyrebecca@hotmail.com,2024-03-29,hotmail.com
997,Jill Lowe,montesarthur@outlook.com,2020-09-10,outlook.com
998,Raymond Jenkins,joyce63@gmail.com,2023-03-07,gmail.com
999,Amanda Lucero,bthompson@yahoo.com,2022-11-13,yahoo.com
1000,Deborah Lucas,susanwatson@outlook.com,2022-12-22,outlook.com
1001,Eric Williams,lvega@ukr.net,2023-01-02,ukr.net
